-- pupulate regions

INSERT INTO regions (region_id, region_name)
VALUES 
  (1, 'Africa'),
  (2, 'Asia'),
  (3, 'Central America'),
  (4, 'Eastern Europe'),
  (5, 'European Union'),
  (6, 'Middle East'),
  (7, 'North America'),
  (8, 'Oceania'),
  (9, 'South America'),
  (10, 'Caribbean');

--populate countries table
INSERT INTO countries (country_id, country_name, region_id) 
VALUES 
  (1, 'Afghanistan', 1),
  (2, 'Albania', 4),
  (3, 'Algeria', 1),
  (4, 'Andorra', 4),
  (5, 'Angola', 1),
  (6, 'Antigua and Barbuda', 9),
  (7, 'Argentina', 6),
  (8, 'Turkey', 3),
  (9, 'Australia', 8),
  (10, 'Austria', 5),
  (11, 'Azerbaijan', 3),
  (12, 'Bahamas', 9),
  (13, 'Bahrain', 6),
  (14, 'Bangladesh', 1),
  (15, 'Barbados', 9),
  (16, 'Belarus', 4),
  (17, 'Belgium', 5),
  (18, 'Belize', 2),
  (19, 'Benin', 1),
  (20, 'Bhutan', 1),
  (21, 'Bolivia', 7),
  (22, 'Bosnia and Herzegovina', 4),
  (23, 'Botswana', 1),
  (24, 'Brazil', 7),
  (25, 'Brunei', 8),
  (26, 'Bulgaria', 4),
  (27, 'Burkina Faso', 1),
  (28, 'Burundi', 1),
  (29, 'Cabo Verde', 1),
  (30, 'Cambodia', 8),
  (31, 'Cameroon', 1),
  (32, 'Canada', 7),
  (33, 'Central African Republic', 1),
  (34, 'Chad', 1),
  (35, 'Chile', 7),
  (36, 'China', 8),
  (37, 'Colombia', 7),
  (38, 'Comoros', 1),
  (39, 'Congo', 1),
  (40, 'Costa Rica', 2),
  (41, 'Croatia', 4),
  (42, 'Cuba', 9),
  (43, 'Cyprus', 3),
  (44, 'Czech Republic', 4),
  (45, 'Denmark', 5),
  (46, 'Djibouti', 1),
  (47, 'Dominica', 9),
  (48, 'Dominican Republic', 9),
  (49, 'Ecuador', 7),
  (50, 'Egypt', 1);

-- populate locations table

INSERT INTO locations (location_id, street_address, postal_code, city, state_province, country_id)
VALUES 
  (1, '123 Main St', '10001', 'New York', 'NY', 1),
  (2, '456 Oak St', '90001', 'Los Angeles', 'CA', 2),
  (3, '789 Pine St', '94101', 'San Francisco', 'CA', 3),
  (4, '321 Elm St', '60601', 'Chicago', 'IL', 4),
  (5, '654 Maple St', '75201', 'Dallas', 'TX', 5),
  (6, '987 Cedar St', '30301', 'Atlanta', 'GA', 6),
  (7, '210 Ash St', '98101', 'Seattle', 'WA', 7),
  (8, '543 Birch St', '33101', 'Miami', 'FL', 8),
  (9, '876 Walnut St', '19101', 'Philadelphia', 'PA', 9),
  (10, '246 Oak St', '80201', 'Denver', 'CO', 10),
  (11, '135 Cherry St', '48201', 'Detroit', 'MI', 11),
  (12, '864 Pine St', '28201', 'Charlotte', 'NC', 12),
  (13, '279 Elm St', '85001', 'Phoenix', 'AZ', 13),
  (14, '642 Maple St', '53201', 'Milwaukee', 'WI', 14),
  (15, '971 Cedar St', '55401', 'Minneapolis', 'MN', 15),
  (16, '308 Ash St', '44101', 'Cleveland', 'OH', 16),
  (17, '755 Birch St', '89101', 'Las Vegas', 'NV', 17),
  (18, '192 Walnut St', '02108', 'Boston', 'MA', 18),
  (19, '531 Oak St', '37201', 'Nashville', 'TN', 19),
  (20, '876 Cherry St', '80202', 'Boulder', 'CO', 20),
  (21, '246 Pine St', '84101', 'Salt Lake City', 'UT', 21),
  (22, '135 Cedar St', '83702', 'Boise', 'ID', 22),
  (23, '864 Ash St', '83714', 'Garden City', 'ID', 23),
  (24, '279 Birch St', '68102', 'Omaha', 'NE', 24),
  (25, '642 Walnut St', '19106', 'Old City', 'PA', 25),
  (26, '971 Oak St', '19107', 'Center City', 'PA', 26),
  (27, '308 Cherry St', '43215', 'Columbus', 'OH', 27),
  (28, '755 Pine St', '27601', 'Raleigh', 'NC', 28),
  (29, '192 Cedar St', '02110', 'Downtown', 'MA', 29),
  (30, '531 Ash St', '90013', 'Downtown', 'CA', 30),
  (31, '876 Birch St', '97201', 'Portland', 'OR', 31),
  (32, '123 Main St', '10001', 'New York', 'NY', 32),
  (33, '456 Elm St', '20001', 'Washington DC', 'DC', 33),
  (34, '789 Oak St', '60601', 'Chicago', 'IL', 34),
  (35, '321 Pine St', '90210', 'Beverly Hills', 'CA', 35),
  (36, '654 Maple St', '33131', 'Miami', 'FL', 36),
  (37, '987 Cedar St', '77002', 'Houston', 'TX', 37),
  (38, '246 Birch St', '94102', 'San Francisco', 'CA', 38),
  (39, '369 Walnut St', '80202', 'Denver', 'CO', 39),
  (40, '802 Broadway', '10003', 'New York', 'NY', 40),
  (41, '1234 Vine St', '90028', 'Los Angeles', 'CA', 41),
  (42, '5678 Hollywood Blvd', '90028', 'Los Angeles', 'CA', 42),
  (43, '9101 Sunset Blvd', '90069', 'West Hollywood', 'CA', 43),
  (44, '1212 Avenue of the Americas', '10036', 'New York', 'NY', 44),
  (45, '2300 Windy Ridge Parkway', '30339', 'Atlanta', 'GA', 45),
  (46, '432 Park Ave', '10022', 'New York', 'NY', 46),
  (47, '1600 Pennsylvania Ave NW', '20500', 'Washington DC', 'DC', 47),
  (48, 'One World Trade Center', '10007', 'New York', 'NY', 48),
  (49, '340 Main St', '75202', 'Dallas', 'TX', 49),
  (50, '555 Market St', '94105', 'San Francisco', 'CA', 50);

--populate departments table

INSERT INTO departments (department_id, department_name, manager_id, location_id)
VALUES 
(1, 'Administration', 200, 1),
(2, 'Marketing', 201, 2),
(3, 'Purchasing', 114, 3),
(4, 'Human Resources', 203, 4),
(5, 'Shipping', 121, 5),
(6, 'IT', 103, 6),
(7, 'Public Relations', 204, 7),
(8, 'Sales', 145, 8),
(9, 'Executive', 100, 9),
(10, 'Finance', 108, 10),
(11, 'Accounting', 205, 11),
(12, 'Treasury', 109, 12),
(13, 'Corporate Tax', 110, 13),
(14, 'Control And Credit', 111, 14),
(15, 'Shareholder Services', 112, 15),
(16, 'Benefits', 113, 16),
(17, 'Manufacturing', 124, 17),
(18, 'Construction', 119, 18),
(19, 'Operations', 106, 19),
(20, 'IT Support', 114, 20),
(21, 'NOC', 115, 21),
(22, 'IT Helpdesk', 116, 22),
(23, 'Government Sales', 148, 23),
(24, 'Retail Sales', 149, 24),
(25, 'Recruiting', 101, 25),
(26, 'Payroll', 102, 26),
(27, 'IS Management', 117, 27),
(28, 'User Experience', 118, 28),
(29, 'Research and Development', 119, 29),
(30, 'Quality Management', 120, 30),
(31, 'Facilities', 122, 31),
(32, 'Security', 123, 32),
(33, 'Restaurant Operations', 150, 33),
(34, 'Executive', 151, 34),
(35, 'Server Operations', 152, 35),
(36, 'Desktop Support', 153, 36),
(37, 'Accounting', 154, 37),
(38, 'Network Operations', 155, 38),
(39, 'Retail Markets', 156, 39),
(40, 'Manufacturing', 157, 40),
(41, 'IT Procurement', 158, 41),
(42, 'Order Management', 159, 42),
(43, 'Internet Sales', 160, 43),
(44, 'Bulk Sales', 161, 44),
(45, 'OEM Sales', 162, 45),
(46, 'OEM Development', 163, 46),
(47, 'Public Relations', 164, 47),
(48, 'Investor Relations', 165, 48),
(49, 'Brand Management', 166, 49),
(50, 'Market Research', 167, 50);

-- populate jobs table

INSERT INTO jobs (job_id, job_title, min_salary, max_salary)
VALUES
    (1, 'Accountant', 40000, 90000),
    (2, 'Accounting Manager', 60000, 120000),
    (3, 'Marketing Manager', 70000, 130000),
    (4, 'Marketing Representative', 30000, 70000),
    (5, 'IT Manager', 80000, 150000),
    (6, 'Programmer', 50000, 100000),
    (7, 'Sales Manager', 70000, 120000),
    (8, 'Sales Representative', 30000, 70000),
    (9, 'HR Manager', 70000, 130000),
    (10, 'HR Representative', 30000, 70000),
    (11, 'Operations Manager', 70000, 130000),
    (12, 'Operations Representative', 30000, 70000),
    (13, 'Customer Service Manager', 60000, 120000),
    (14, 'Customer Service Representative', 30000, 70000),
    (15, 'Finance Manager', 80000, 150000),
    (16, 'Finance Representative', 40000, 90000),
    (17, 'Legal Manager', 80000, 150000),
    (18, 'Legal Representative', 40000, 90000),
    (19, 'Executive Manager', 100000, 250000),
    (20, 'Executive Assistant', 60000, 120000),
    (21, 'Consultant', 70000, 150000),
    (22, 'Trainer', 50000, 100000),
    (23, 'Designer', 50000, 100000),
    (24, 'Architect', 80000, 150000),
    (25, 'Engineer', 60000, 120000),
    (26, 'Mechanic', 30000, 70000),
    (27, 'Electrician', 30000, 70000),
    (28, 'Plumber', 30000, 70000),
    (29, 'Painter', 30000, 70000),
    (30, 'Carpenter', 30000, 70000),
    (31, 'Writer', 40000, 90000),
    (32, 'Editor', 50000, 100000),
    (33, 'Journalist', 40000, 90000),
    (34, 'Photographer', 30000, 70000),
    (35, 'Videographer', 40000, 90000),
    (36, 'Graphic Designer', 50000, 100000),
    (37, 'Web Designer', 50000, 100000),
    (38, 'Animator', 50000, 100000),
    (39, 'Actor', 30000, 70000),
    (40, 'Singer', 30000, 70000),
    (41, 'Musician', 40000, 90000),
    (42, 'Dancer', 30000, 70000),
    (43, 'Director', 60000, 120000),
    (44, 'Producer', 50000, 100000),
    (45, 'Screenwriter', 40000, 90000),
    (46, 'Database Administrator', 7000, 14000),
    (47, 'Design Engineer', 8000, 16000),
    (48, 'Design Engineer Manager', 15000, 30000),
    (49, 'Director', 20000, 40000),
    (50, 'Finance Assistant', 3000, 6000);

-- populate employees table

INSERT INTO employee 
    (employee_id, first_name, last_name, email, phone_number, hire_date, job_id, salary, commission_pct, manager_id, department_id) VALUES
    (1, 'Karen', 'Partners', 'kpartners@example.com', '650.121.7234', '2011-01-02', 1, 13500, 0.3, 23, 22),
    (2, 'Patricia', 'Diaz', 'pdiaz@example.com', '650.121.5736', '2013-03-01', 2, 4750, null, 19, 6),
    (3, 'Lori', 'Pennington', 'lpennington@example.com', '650.124.8234', '2016-04-21', 3, 7250, null, 10, 2),
    (4, 'Michael', 'Hartstein', 'mhartstein@example.com', '515.123.5555', '2017-02-17', 4, 25000, null, 20, 3),
    (5, 'Shelley', 'Higgins', 'shiggins@example.com', '515.123.8080', '2014-06-07', 5, 12000, null, 120, 4),
    (6, 'William', 'Gietz', 'wgiertz@example.com', '515.123.8181', '2015-06-07', 6, 8300, null, 121, 5),
    (7, 'John', 'Chen', 'jchen@example.com', '515.124.4269', '2013-09-28', 7, 8200, null, 122, 5),
    (8, 'Timothy', 'Gates', 'tgates@example.com', '650.121.1834', '2014-07-11', 8, 15000, null, 20, 3),
    (9, 'Matthew', 'Weiss', 'mweiss@example.com', '650.123.1234', '2012-07-18', 9, 8000, null, 50, 4),
    (10, 'Louise', 'Doran', 'ldoran@example.com', '650.507.9876', '2015-06-07', 10, 7500, null, 50, 4),
    (11, 'Neena', 'Kochhar', 'nkochhar@example.com', '515.123.4568', '2013-05-21', 11, 25000, null, 100, 9),
    (12, 'Lex', 'De Haan', 'ldehaan@example.com', '515.123.4569', '2017-01-13', 12, 24000, null, 100, 9),
    (13, 'Ismael', 'Sciarra', 'isciarr@example.com', '515.124.4369', '2014-06-07', 13, 7700, null, 121, 50),
    (14, 'Jose Manuel', 'Urman', 'jmurman@example.com', '515.124.4469', '2013-06-07', 14, 7800, null, 122, 50),
    (15, 'John', 'Doe', 'johndoe@example.com', '650.121.7777', '2015-06-17', 2, 20000, 0.2, 5, 4),
    (16, 'Jane', 'Doe', 'janedoe@example.com', '650.121.8888', '2015-06-18', 3, 15000, 0.1, 6, 4),
    (17, 'Mark', 'Lee', 'marklee@example.com', '650.121.9999', '2015-06-19', 3, 15000, 0.1, 6, 4),
    (18, 'Grace', 'Wong', 'gracewong@example.com', '650.122.1000', '2016-02-10', 4, 8000, null, 9, 5),
    (19, 'Lucas', 'Martinez', 'lucasmartinez@example.com', '650.122.2000', '2016-02-10', 4, 7500, null, 9, 5),
    (20, 'Sophia', 'Garcia', 'sophiagarcia@example.com', '650.122.3000', '2016-03-02', 4, 7000, null, 9, 5),
    (21, 'Jacob', 'Davis', 'jacobdavis@example.com', '650.121.5437', '2016-03-03', 5, 6000, null, 6, 4),
    (22, 'Emily', 'Wilson', 'emilywilson@example.com', '650.121.2309', '2016-03-04', 5, 6000, null, 6, 4),
    (23, 'Oliver', 'Anderson', 'oliveranderson@example.com', '650.121.3345', '2017-01-10', 1, 10000, null, 7, 3),
    (24, 'Lily', 'Gonzalez', 'lilygonzalez@example.com', '650.121.4321', '2017-01-11', 2, 9000, null, 7, 3),
    (25, 'Ethan', 'Parker', 'ethanparker@example.com', '650.121.5555', '2017-01-12', 2, 9000, null, 7, 3),
    (26, 'Chloe', 'Rodriguez', 'chloerodriguez@example.com', '650.121.3456', '2017-01-13', 2, 8000, null, 7, 3),
    (27, 'William', 'Fernandez', 'williamfernandez@example.com', '650.121.2254', '2017-02-18', 3, 7000, null, 8, 3),
    (28, 'Natalie', 'Scott', 'nataliescott@example.com', '650.121.6678', '2017-02-19', 3, 7000, null, 8, 3),
    (29, 'Natalie', 'Scott', 'nataliescott@example.com', '650.121.6678', '2017-02-19', 3, 7000, null, 8, 3),
    (30, 'David', 'Garcia', 'davidgarcia@example.com', '650.121.2004', '2013-05-27', 4, 8600, null, 10, 2),
    (31, 'Robin', 'Collins', 'robincollins@example.com', '650.121.8009', '2016-10-01', 2, 9000, null, 10, 6),
    (32, 'Megan', 'Bennett', 'meganbennett@example.com', '650.121.8940', '2019-01-15', 3, 7500, null, 9, 3),
    (33, 'Jasmine', 'Ramirez', 'jasmineramirez@example.com', '650.121.2874', '2015-04-30', 2, 9500, null, 9, 6),
    (34, 'Max', 'Powell', 'maxpowell@example.com', '650.121.2005', '2014-08-05', 4, 9000, null, 10, 2),
    (35, 'Clara', 'Patterson', 'clarapatterson@example.com', '650.121.2994', '2018-03-10', 1, 7500, null, 10, 5),
    (36, 'Evan', 'Jordan', 'evanjordan@example.com', '650.121.2999', '2019-09-12', 3, 9500, null, 9, 3),
    (37, 'Vanessa', 'Reed', 'vanessareed@example.com', '650.121.2998', '2017-06-18', 4, 7000, null, 8, 4),
    (38, 'Samantha', 'Sanders', 'samanthasanders@example.com', '650.121.2997', '2017-08-21', 3, 8000, null, 7, 3),
    (39, 'Luke', 'Baker', 'lukebaker@example.com', '650.121.2932', '2016-09-07', 2, 7500, null, 6, 6),
    (40, 'Laura', 'Mitchell', 'lauramitchell@example.com', '650.121.8888', '2018-11-22', 1, 7800, null, 6, 5),
    (41, 'Connor', 'Lee', 'connorlee@example.com', '650.121.2876', '2019-06-03', 3, 8500, null, 9, 3),
    (42, 'Katie', 'Young', 'katieyoung@example.com', '650.121.2877', '2015-10-10', 4, 9000, null, 9, 4),
    (43, 'Jessica', 'Adams', 'jessicaadams@example.com', '650.121.2234', '2019-03-14', 3, 8000, 0.2, 17, 8),
    (44, 'Gabriel', 'Flores', 'gabrielflores@example.com', '650.121.6234', '2020-05-01', 2, 10000, 0.1, 14, 7),
    (45, 'Isabella', 'Wright', 'isabellawright@example.com', '650.121.7234', '2020-08-23', 3, 9000, 0.3, 26, 9),
    (46, 'Ethan', 'Garcia', 'ethangarcia@example.com', '650.121.7235', '2021-02-15', 2, 12000, null, 29, 10),
    (47, 'Emily', 'Scott', 'emilyscott@example.com', '650.121.3334', '2021-05-19', 3, 8500, 0.2, 35, 9),
    (48, 'Daniel', 'Nguyen', 'danielnguyen@example.com', '650.121.1234', '2021-07-01', 1, 15000, 0.05, 17, 8),
    (49, 'Sophia', 'Patel', 'sophiapatel@example.com', '650.121.6234', '2021-08-11', 3, 9500, 0.15, 29, 10),
    (50, 'Lucas', 'Lee', 'lucaslee@example.com', '650.121.7234', '2021-11-02', 2, 11000, null, 35, 9);

-- populate job_history

INSERT INTO job_history (employee_id, start_date, end_date, job_id, department_id)
VALUES
  (1, '2015-01-01', '2016-12-31', 3, 2),
  (2, '2018-03-15', '2021-05-31', 5, 1),
  (3, '2017-07-01', '2019-12-31', 2, 4),
  (4, '2014-09-01', '2019-04-30', 4, 7),
  (5, '2016-05-15', '2020-11-30', 1, 3),
  (6, '2019-02-01', '2022-06-30', 6, 2),
  (7, '2018-08-15', '2021-12-31', 4, 6),
  (8, '2016-04-01', '2020-10-31', 3, 1),
  (9, '2015-09-01', '2020-03-31', 5, 5),
  (10, '2017-01-01', '2019-12-31', 2, 2),
  (11, '2019-05-15', '2022-11-30', 1, 4),
  (12, '2016-12-01', '2019-06-30', 6, 3),
  (13, '2015-03-15', '2018-09-30', 4, 7),
  (14, '2017-08-01', '2020-12-31', 3, 6),
  (15, '2016-01-01', '2018-12-31', 2, 1),
  (16, '2019-04-15', '2022-05-31', 1, 5),
  (17, '2018-09-01', '2021-03-31', 5, 2),
  (18, '2016-06-01', '2019-10-31', 6, 4),
  (19, '2014-10-01', '2019-03-31', 4, 3),
  (20, '2016-04-15', '2020-11-30', 1, 7),
  (21, '2019-03-01', '2022-08-31', 3, 6),
  (22, '2018-05-15', '2021-09-30', 2, 1),
  (23, '2015-06-01', '2018-11-30', 5, 5),
  (24, '2017-02-01', '2020-06-30', 6, 2),
  (25, '2018-01-01', '2020-12-31', 4, 4),
  (26, '2019-07-15', '2022-12-31', 1, 3),
  (27, '2017-03-01', '2019-08-31', 3, 7),
  (28, '2015-05-15', '2018-10-31', 2, 6),
  (29, '2018-03-05', '2019-04-01', 5, 3),
  (30, '2020-03-23', '2021-04-15', 7, 4),
  (31, '2018-07-11', '2019-08-01', 5, 3),
  (32, '2019-01-14', '2020-02-20', 6, 5),
  (33, '2020-07-01', '2021-08-15', 7, 4),
  (34, '2019-11-16', '2021-01-31', 7, 2),
  (35, '2019-02-05', '2020-04-01', 5, 3),
  (36, '2020-07-02', '2021-08-15', 8, 5),
  (37, '2019-10-02', '2021-01-15', 7, 2),
  (38, '2019-03-02', '2020-04-01', 5, 3),
  (39, '2018-10-15', '2019-12-01', 4, 2),
  (40, '2020-05-02', '2021-06-15', 7, 3),
  (41, '2020-09-02', '2021-10-15', 8, 4),
  (42, '2018-12-01', '2020-01-15', 5, 3),
  (43, '2020-01-16', '2021-03-01', 7, 1),
  (44, '2019-07-20', '2020-09-01', 6, 7),
  (45, '2020-09-02', '2021-10-15', 8, 8),
  (46, '2018-12-01', '2020-01-15', 5, 9),
  (47, '2020-01-16', '2021-03-01', 7, 10),
  (48, '2020-09-02', '2021-10-15', 8, 11),
  (49, '2018-12-01', '2020-01-15', 5, 12),
  (50, '2020-01-16', '2021-03-01', 7, 32);